Year,nbsp,sing.sp,FRic,qual.FRic,FEve,FDiv,FDis,RaoQ
1850,147,147,0.181892399,1,0.510423751,0.646352604,1.498571994,3.204328151
2021,102,102,0.282256712,1,0.392614528,0.69369358,1.756330916,4.769603099
