,nbsp,sing.sp,FRic,qual.FRic,FEve,FDiv,FDis,RaoQ
1850,67,67,0.981477299,1,0.533492135,0.686634956,2.265327387,6.980033972
2021,62,62,0.839322419,1,0.393004228,0.738000497,2.935667411,13.90991638
