"trait","Comp.1","Comp.2","Comp.3","Comp.4","Comp.5","Comp.6","Comp.7","Comp.8","Comp.9"
"beak_depth_z",0.381258181921949,-0.153583093826787,-0.062101900200196,-0.238418543477755,0.580994916722059,-0.0749227809211979,0.0301689159829767,-0.637812427933133,-0.139538564741972
"beak_len_culmen_z",0.339170669679931,-0.418818411922229,-0.106678488355005,0.256680239625705,-0.361859785596465,0.0233152796142637,-0.0667470206607088,0.0364362833537781,-0.703576914888956
"beak_len_nares_z",0.319403956457616,-0.478059902522661,-0.158466211219313,0.256087284531185,-0.276934030880112,0.00799351661425375,0.0543351012148146,-0.174641610725806,0.684499273640366
"beak_width_z",0.375964384223726,-0.21547844819957,-0.156099241213001,-0.222450126228229,0.407289969574299,-0.0937040474617837,0.0661944517674157,0.744431816927405,0.0717132140220349
"hand_wing_index_z",0.14127725900935,0.476682284334009,-0.80426486122045,0.106719966675989,-0.104520820912588,-0.157527237553765,0.235168419214087,-0.0506802496029559,-0.0311690862331589
"tail_len_z",0.354369024702089,0.165124775768681,0.194472713419404,-0.710458169864407,-0.513414952641741,-0.0157779814322241,0.195253775383407,-0.0437060057388337,0.0266053628791646
"tarsus_len_z",0.314683762635962,0.277880055639655,0.481546285922492,0.436536697055155,0.0464102435833953,-0.494443448016627,0.392071995506155,0.0307560546644636,-0.00332750577197272
"weight_z",0.349348602871443,0.295592799542501,0.127733890831431,0.223374255428899,0.100711665891109,0.832428258387083,0.139546157002592,0.0380912478445095,0.0190978420400848
"wing_len_z",0.360042169147548,0.327026786139678,0.0491951755459808,0.0748784914076135,-0.0459190546448129,-0.150079065494297,-0.848928066022688,0.0177116086318495,0.098849966968827
