"trait","Comp.1","Comp.2","Comp.3","Comp.4","Comp.5","Comp.6","Comp.7","Comp.8","Comp.9"
"beak_depth_z",0.358687116138114,-0.187756156245279,0.0394336627882037,-0.535755121247298,0.272967776184592,0.141511914897181,0.339773475390277,-0.564924210269135,-0.135573625697991
"beak_len_culmen_z",0.362350652639609,0.00562582684973826,-0.48667810808087,0.222266167741689,-0.10482280331401,-0.0742413232879861,0.0127135234009482,0.100718343548721,-0.745390576686834
"beak_len_nares_z",0.327768229175157,-0.142501810565927,-0.633629354107531,0.161978276532059,-0.0684815167553,0.0187510519957388,0.202126994721836,-0.000718758989217865,0.631380188773746
"beak_width_z",0.359056990073323,-0.261101351467348,0.0233341404454711,-0.454550753345047,0.248958175133676,-0.032313913407661,-0.432141244794436,0.584952179986233,0.0616751357987395
"hand_wing_index_z",0.189312319368128,-0.666023281604444,0.417311547717869,0.409220276513882,0.000706728027174829,-0.299050263286055,0.286500333279754,0.0845293471423032,-0.0174487992094054
"tail_len_z",0.3393102368337,0.135123302323153,0.256268106606446,-0.252359184741974,-0.846426512896461,0.041135271588026,0.102095251895946,0.0783124021962011,0.050651067725548
"tarsus_len_z",0.282854571442199,0.592596814027858,0.154944676841683,0.00144860617436454,0.286914215633294,-0.566037056836444,0.327735629788519,0.165587256617915,0.0852341284064227
"weight_z",0.350080181881385,0.232672254474215,0.273701222802939,0.354126653494045,0.221489855832208,0.727139102496276,0.11186695779426,0.179519434377757,0.0214235382687415
"wing_len_z",0.387502502771923,0.0953027473038638,0.14427848865698,0.272317229149018,0.00387522897728122,-0.181147504196672,-0.666603505532377,-0.505591211058762,0.113903903168688
