"class","Year","Area"
"agriculture","1848",135.971344686974
"agriculture","2018",95.5054781764526
"plantations","1848",1.60722260733795
"plantations","2018",424.753542048325
"settlements","1848",3.90131179119873
"settlements","2018",14.5234446909027
"shola_forest","1848",113.006643009666
"shola_forest","2018",358.497079211571
"shola_grassland","1848",836.880826221107
"shola_grassland","2018",182.174088577385
"water_bodies","1848",2.60299958196259
"water_bodies","2018",18.5167151936111
