"class","Year","Area"
"agriculture","1848",144.465979634758
"agriculture","2018",95.0977795700378
"plantations","1848",1.99532348095703
"plantations","2018",648.748334473556
"settlements","1848",4.25623785327148
"settlements","2018",55.2603335088654
"shola_forest","1848",136.397453070084
"shola_forest","2018",268.252520834396
"shola_grassland","1848",993.349855860161
"shola_grassland","2018",200.693713272682
"water_bodies","1848",3.48160716235352
"water_bodies","2018",18.8463551090698
